{"cameraMode":{"drawMode":0,"name":"Shaded","section":"Shading Mode"},"sceneLighting":false,"audioPlay":false,"sceneViewState":{"showFog":true,"showMaterialUpdate":false,"showSkybox":true,"showFlares":true,"showImageEffects":true,"showParticleSystems":true},"in2DMode":false,"pivot":{"x":5.931964874267578,"y":0.960524320602417,"z":-38.857704162597659},"rotation":{"x":-0.023158838972449304,"y":-0.9286424517631531,"z":0.3655473291873932,"w":-0.05883947014808655},"size":5.138294696807861,"orthographic":false}