{"cameraMode":{"drawMode":0,"name":"Shaded","section":"Shading Mode"},"sceneLighting":false,"audioPlay":false,"sceneViewState":{"showFog":true,"showMaterialUpdate":false,"showSkybox":true,"showFlares":true,"showImageEffects":true,"showParticleSystems":true},"in2DMode":false,"pivot":{"x":0.15780091285705567,"y":2.110384941101074,"z":0.9084832668304443},"rotation":{"x":0.03912218660116196,"y":-0.9557159543037415,"z":0.14919357001781465,"w":0.25063493847846987},"size":4.755262851715088,"orthographic":false}