{"cameraMode":{"drawMode":0,"name":"Shaded","section":"Shading Mode"},"sceneLighting":false,"audioPlay":false,"sceneViewState":{"showFog":true,"showMaterialUpdate":false,"showSkybox":true,"showFlares":true,"showImageEffects":true,"showParticleSystems":true},"in2DMode":false,"pivot":{"x":-0.27988702058792117,"y":0.8351770639419556,"z":-0.23650646209716798},"rotation":{"x":0.006827143952250481,"y":-0.98287433385849,"z":0.03722601383924484,"w":0.1803489327430725},"size":2.7136991024017336,"orthographic":false}