{"cameraMode":{"drawMode":0,"name":"Shaded","section":"Shading Mode"},"sceneLighting":false,"audioPlay":false,"sceneViewState":{"showFog":true,"showMaterialUpdate":false,"showSkybox":true,"showFlares":true,"showImageEffects":true,"showParticleSystems":true},"in2DMode":false,"pivot":{"x":55.4482307434082,"y":18.38279151916504,"z":8.137786865234375},"rotation":{"x":0.00565520441159606,"y":-0.3311423361301422,"z":-0.0019823068287223579,"w":-0.9435617923736572},"size":110.16854095458985,"orthographic":false}