{"cameraMode":{"drawMode":0,"name":"Shaded","section":"Shading Mode"},"sceneLighting":false,"audioPlay":false,"sceneViewState":{"showFog":true,"showMaterialUpdate":false,"showSkybox":true,"showFlares":true,"showImageEffects":true,"showParticleSystems":true},"in2DMode":false,"pivot":{"x":-1.469442367553711,"y":3.130887508392334,"z":-17.90380859375},"rotation":{"x":0.3961954712867737,"y":-0.12365567684173584,"z":0.0539482906460762,"w":0.9082005023956299},"size":5.053433418273926,"orthographic":false}