{"cameraMode":{"drawMode":0,"name":"Shaded","section":"Shading Mode"},"sceneLighting":false,"audioPlay":false,"sceneViewState":{"showFog":true,"showMaterialUpdate":false,"showSkybox":true,"showFlares":true,"showImageEffects":true,"showParticleSystems":true},"in2DMode":false,"pivot":{"x":-0.22519385814666749,"y":-0.05738496780395508,"z":-2.302257776260376},"rotation":{"x":0.005810070317238569,"y":-0.9862107634544373,"z":0.16153933107852937,"w":0.03549232333898544},"size":6.059349060058594,"orthographic":false}