{"cameraMode":{"drawMode":0,"name":"Shaded","section":"Shading Mode"},"sceneLighting":false,"audioPlay":false,"sceneViewState":{"showFog":true,"showMaterialUpdate":false,"showSkybox":true,"showFlares":true,"showImageEffects":true,"showParticleSystems":true},"in2DMode":false,"pivot":{"x":183.0496063232422,"y":-176.7298583984375,"z":223.02146911621095},"rotation":{"x":0.2687385082244873,"y":0.28602516651153567,"z":-0.08391424268484116,"w":0.9159299731254578},"size":371.0502624511719,"orthographic":false}