{"cameraMode":{"drawMode":0,"name":"Shaded","section":"Shading Mode"},"sceneLighting":false,"audioPlay":false,"sceneViewState":{"showFog":true,"showMaterialUpdate":false,"showSkybox":true,"showFlares":true,"showImageEffects":true,"showParticleSystems":true},"in2DMode":false,"pivot":{"x":2.0874571800231935,"y":-0.30000001192092898,"z":-11.428277015686036},"rotation":{"x":0.35269051790237429,"y":0.08096221834421158,"z":-0.030641358345746995,"w":0.9317272901535034},"size":22.0,"orthographic":false}