{"cameraMode":{"drawMode":0,"name":"Shaded","section":"Shading Mode"},"sceneLighting":false,"audioPlay":false,"sceneViewState":{"showFog":true,"showMaterialUpdate":false,"showSkybox":true,"showFlares":true,"showImageEffects":true,"showParticleSystems":true},"in2DMode":false,"pivot":{"x":-1.690000057220459,"y":0.6399999856948853,"z":-10.34000015258789},"rotation":{"x":0.03912218660116196,"y":-0.9557159543037415,"z":0.14919357001781465,"w":0.25063493847846987},"size":4.944770812988281,"orthographic":false}