{"cameraMode":{"drawMode":0,"name":"Shaded","section":"Shading Mode"},"sceneLighting":false,"audioPlay":false,"sceneViewState":{"showFog":true,"showMaterialUpdate":false,"showSkybox":true,"showFlares":true,"showImageEffects":true,"showParticleSystems":true},"in2DMode":false,"pivot":{"x":1.1920928955078126e-7,"y":0.5785805583000183,"z":0.0},"rotation":{"x":0.03912218660116196,"y":-0.9557159543037415,"z":0.14919357001781465,"w":0.25063493847846987},"size":6.059349060058594,"orthographic":false}