{"cameraMode":{"drawMode":0,"name":"Shaded","section":"Shading Mode"},"sceneLighting":false,"audioPlay":false,"sceneViewState":{"showFog":true,"showMaterialUpdate":false,"showSkybox":true,"showFlares":true,"showImageEffects":true,"showParticleSystems":true},"in2DMode":false,"pivot":{"x":-7.6451263427734379,"y":-0.06256818771362305,"z":10.182840347290039},"rotation":{"x":0.356143057346344,"y":0.23425309360027314,"z":-0.09270846843719483,"w":0.8998293280601502},"size":8.243313789367676,"orthographic":false}