{"cameraMode":{"drawMode":0,"name":"Shaded","section":"Shading Mode"},"sceneLighting":false,"audioPlay":false,"sceneViewState":{"showFog":true,"showMaterialUpdate":false,"showSkybox":true,"showFlares":true,"showImageEffects":true,"showParticleSystems":true},"in2DMode":false,"pivot":{"x":43.91775131225586,"y":-81.95771026611328,"z":47.56169891357422},"rotation":{"x":0.3719848692417145,"y":0.28741902112960818,"z":-0.12231101095676422,"w":0.8741039037704468},"size":22.0,"orthographic":false}