{"cameraMode":{"drawMode":0,"name":"Shaded","section":"Shading Mode"},"sceneLighting":false,"audioPlay":false,"sceneViewState":{"showFog":true,"showMaterialUpdate":false,"showSkybox":true,"showFlares":true,"showImageEffects":true,"showParticleSystems":true},"in2DMode":false,"pivot":{"x":-3.939176559448242,"y":20.813508987426759,"z":-58.40245819091797},"rotation":{"x":0.017841268330812455,"y":-0.9790849685668945,"z":0.17700746655464173,"w":0.09870538115501404},"size":9.408591270446778,"orthographic":false}