{"cameraMode":{"drawMode":0,"name":"Shaded","section":"Shading Mode"},"sceneLighting":false,"audioPlay":false,"sceneViewState":{"showFog":true,"showMaterialUpdate":false,"showSkybox":true,"showFlares":true,"showImageEffects":true,"showParticleSystems":true},"in2DMode":false,"pivot":{"x":-0.5644404292106628,"y":1.1199079751968384,"z":-0.11668384820222855},"rotation":{"x":-0.003462431253865361,"y":-0.971595823764801,"z":-0.014228344894945622,"w":0.23619316518306733},"size":2.7136991024017336,"orthographic":false}