{"cameraMode":{"drawMode":0,"name":"Shaded","section":"Shading Mode"},"sceneLighting":false,"audioPlay":false,"sceneViewState":{"showFog":true,"showMaterialUpdate":false,"showSkybox":true,"showFlares":true,"showImageEffects":true,"showParticleSystems":true},"in2DMode":false,"pivot":{"x":-3.4571261405944826,"y":0.8899999856948853,"z":-4.710000991821289},"rotation":{"x":0.043708138167858127,"y":0.9558178782463074,"z":-0.22029569745063783,"w":0.18966175615787507},"size":5.031166076660156,"orthographic":false}